{
    "dataset1":{
        "background":0.001,
        "core_sld":7.7,
        "saltconc":0.033096,
        "dielectconst":78.3,
        "length":34.894622,
        "radius":13.759713,
        "radius_effective":24.4078379849,
        "scale":1,
        "shell_sld":10.989,
        "solvent_sld":9.4,
        "temperature":300.0,
        "thickness":6.401445,
        "volfraction":0.145572,
        "charge":30.590918
    },
    "dataset2":{
        "background":0.001,
        "core_sld":7.7,
        "saltconc":0.042297,
        "dielectconst":78.3,
        "length":36.573633,
        "radius":14.292789,
        "radius_effective":24.7373418905,
        "scale":1,
        "shell_sld":10.989,
        "solvent_sld":9.4,
        "temperature":300.0,
        "thickness":6.064591,
        "volfraction":0.162218,
        "charge":26.417886
    }
}
